epoch,mse_loss
1,0.10024885697364808
2,0.046979952104886376
3,0.041960569763183596
4,0.039889470760027565
5,0.03833339766860008
